{
    "equalities_rel_count_mean": 0.05843113881484645,
    "equalities_rel_count_median": 0.06866952789699571,
    "equalities_rel_count_sigma": 0.026538473342054104,
    "equalities_rel_depth_mean": 0.3613634446309748,
    "equalities_rel_depth_median": 0.4117647058823529,
    "equalities_rel_depth_sigma": 0.10812856032269562,
    "inequalities_rel_count_mean": 0.05202580625127021,
    "inequalities_rel_count_median": 0.04721030042918455,
    "inequalities_rel_count_sigma": 0.025561062152276087,
    "inequalities_rel_depth_mean": 0.39892112697602927,
    "inequalities_rel_depth_median": 0.47058823529411764,
    "inequalities_rel_depth_sigma": 0.1135497184658968,
    "heapStuff_rel_count_mean": 0.1029298222796449,
    "heapStuff_rel_count_median": 0.08583690987124463,
    "heapStuff_rel_count_sigma": 0.037531602469381045,
    "heapStuff_rel_depth_mean": 0.5380524426767557,
    "heapStuff_rel_depth_median": 0.5441176470588235,
    "heapStuff_rel_depth_sigma": 0.07976262087893685,
    "anonStuff_rel_count_mean": 0.053548089282371696,
    "anonStuff_rel_count_median": 0.0390625,
    "anonStuff_rel_count_sigma": 0.05922941961341885,
    "anonStuff_rel_depth_mean": 0.4332694599624485,
    "anonStuff_rel_depth_median": 0.4166666666666667,
    "anonStuff_rel_depth_sigma": 0.13318200319390783,
    "numbers_rel_count_mean": 0.044358152901327344,
    "numbers_rel_count_median": 0.05150214592274678,
    "numbers_rel_count_sigma": 0.02142739600549816,
    "numbers_rel_depth_mean": 0.4701122537837727,
    "numbers_rel_depth_median": 0.47058823529411764,
    "numbers_rel_depth_sigma": 0.0822720036880234,
    "programConstants_rel_count_mean": 0.0070921985815602835,
    "programConstants_rel_count_median": 0.0070921985815602835,
    "programConstants_rel_count_sigma": 0.0,
    "programConstants_rel_depth_mean": 0.6666666666666666,
    "programConstants_rel_depth_median": 0.6666666666666666,
    "programConstants_rel_depth_sigma": 0.0,
    "modalities_rel_count_mean": 0.004752223696657401,
    "modalities_rel_count_median": 0.004291845493562232,
    "modalities_rel_count_sigma": 0.00312239823767038,
    "modalities_rel_depth_mean": 0.19145130275040714,
    "modalities_rel_depth_median": 0.17647058823529413,
    "modalities_rel_depth_sigma": 0.039717576633324106,
    "if-then-elses_rel_count_mean": 0.008434828142241781,
    "if-then-elses_rel_count_median": 0.007240547063555913,
    "if-then-elses_rel_count_sigma": 0.005624687962023647,
    "if-then-elses_rel_depth_mean": 0.2803425873787571,
    "if-then-elses_rel_depth_median": 0.2583732057416268,
    "if-then-elses_rel_depth_sigma": 0.11728888346900694,
    "dependencyContracts_rel_count_mean": 0.010897793649838634,
    "dependencyContracts_rel_count_median": 0.004291845493562232,
    "dependencyContracts_rel_count_sigma": 0.015917928642292165,
    "dependencyContracts_rel_depth_mean": 0.5394516035074738,
    "dependencyContracts_rel_depth_median": 0.5882352941176471,
    "dependencyContracts_rel_depth_sigma": 0.11112583560584526,
    "quantifiers_rel_count_mean": 0.019212444860550158,
    "quantifiers_rel_count_median": 0.02145922746781116,
    "quantifiers_rel_count_sigma": 0.008807505205369067,
    "quantifiers_rel_depth_mean": 0.3076532930424995,
    "quantifiers_rel_depth_median": 0.3411764705882353,
    "quantifiers_rel_depth_sigma": 0.08591975906501612,
    "overall_node_count_mean": 314.4828857293312,
    "overall_node_count_median": 233.0,
    "overall_node_count_sigma": 324.69872577647016,
    "overall_height_mean": -0.8764981170842001,
    "overall_height_median": -0.8702045081355426,
    "overall_height_sigma": 0.08869453851206713,
    "overall_formula_count_mean": 16.92539933298227,
    "overall_formula_count_median": 11.0,
    "overall_formula_count_sigma": 12.137207040935035,
    "tree_select_of_store_count_mean": 0.13480779357556608,
    "tree_select_of_store_count_median": 0.0,
    "tree_select_of_store_count_sigma": 1.3684467795546806
}